EMPLOYEE_ID,FIRST_NAME,LAST_NAME,EMAIL,PHONE_NUMBER,HIRE_DATE,JOB_ID,SALARY,COMMISSION_PCT,MANAGER_ID,DEPARTMENT_ID
198,Donald,OConnell,DOCONNEL,650.507.9833,21-Jun,SH_CLERK,2600, - ,124,50
199,Douglas,Grant,DGRANT,650.507.9844,13-Jan,SH_CLERK,2600, - ,124,50
200,Jennifer,Whalen,JWHALEN,515.123.4444,17-Sep,AD_ASST,4400, - ,101,10
201,Michael,Hartstein,MHARTSTE,515.123.5555,17-Feb,MK_MAN,13000, - ,100,20
202,Pat,Fay,PFAY,603.123.6666,17-Aug,MK_REP,6000, - ,201,20
203,Susan,Mavris,SMAVRIS,515.123.7777,7-Jun,HR_REP,6500, - ,101,40
204,Hermann,Baer,HBAER,515.123.8888,7-Jun,PR_REP,10000, - ,101,70
205,Shelley,Higgins,SHIGGINS,515.123.8080,7-Jun,AC_MGR,12008, - ,101,110
206,William,Gietz,WGIETZ,515.123.8181,7-Jun,AC_ACCOUNT,8300, - ,205,110
100,Steven,King,SKING,515.123.4567,17-Jun,AD_PRES,24000, - , - ,90
101,Neena,Kochhar,NKOCHHAR,515.123.4568,21-Sep,AD_VP,17000, - ,100,90
102,Lex,De Haan,LDEHAAN,515.123.4569,Jan-01,AD_VP,17000, - ,100,90
103,Alexander,Hunold,AHUNOLD,590.423.4567,3-Jan,IT_PROG,9000, - ,102,60
104,Bruce,Ernst,BERNST,590.423.4568,21-May,IT_PROG,6000, - ,103,60
105,David,Austin,DAUSTIN,590.423.4569,Jun-05,IT_PROG,4800, - ,103,60
106,Valli,Pataballa,VPATABAL,590.423.4560,5-Feb,IT_PROG,4800, - ,103,60
107,Diana,Lorentz,DLORENTZ,590.423.5567,7-Feb,IT_PROG,4200, - ,103,60
108,Nancy,Greenberg,NGREENBE,515.124.4569,17-Aug,FI_MGR,12008, - ,101,100
109,Daniel,Faviet,DFAVIET,515.124.4169,16-Aug,FI_ACCOUNT,9000, - ,108,100
110,John,Chen,JCHEN,515.124.4269,28-Sep,FI_ACCOUNT,8200, - ,108,100
111,Ismael,Sciarra,ISCIARRA,515.124.4369,30-Sep,FI_ACCOUNT,7700, - ,108,100
112,Jose Manuel,Urman,JMURMAN,515.124.4469,7-Mar,FI_ACCOUNT,7800, - ,108,100
113,Luis,Popp,LPOPP,515.124.4567,7-Dec,FI_ACCOUNT,6900, - ,108,100
114,Den,Raphaely,DRAPHEAL,515.127.4561,7-Dec,PU_MAN,11000, - ,100,30
115,Alexander,Khoo,AKHOO,515.127.4562,18-May,PU_CLERK,3100, - ,114,30
116,Shelli,Baida,SBAIDA,515.127.4563,24-Dec,PU_CLERK,2900, - ,114,30
117,Sigal,Tobias,STOBIAS,515.127.4564,24-Jul,PU_CLERK,2800, - ,114,30
118,Guy,Himuro,GHIMURO,515.127.4565,15-Nov,PU_CLERK,2600, - ,114,30
119,Karen,Colmenares,KCOLMENA,515.127.4566,10-Aug,PU_CLERK,2500, - ,114,30
120,Matthew,Weiss,MWEISS,650.123.1234,18-Jul,ST_MAN,8000, - ,100,50
121,Adam,Fripp,AFRIPP,650.123.2234,10-Apr,ST_MAN,8200, - ,100,50
122,Payam,Kaufling,PKAUFLIN,650.123.3234,1-May,ST_MAN,7900, - ,100,50
123,Shanta,Vollman,SVOLLMAN,650.123.4234,10-Oct,ST_MAN,6500, - ,100,50
124,Kevin,Mourgos,KMOURGOS,650.123.5234,16-Nov,ST_MAN,5800, - ,100,50
125,Julia,Nayer,JNAYER,650.124.1214,16-Jul,ST_CLERK,3200, - ,120,50
126,Irene,Mikkilineni,IMIKKILI,650.124.1224,28-Sep,ST_CLERK,2700, - ,120,50
127,James,Landry,JLANDRY,650.124.1334,14-Jan,ST_CLERK,2400, - ,120,50
128,Steven,Markle,SMARKLE,650.124.1434,8-Mar,ST_CLERK,2200, - ,120,50
129,Laura,Bissot,LBISSOT,650.124.5234,20-Aug,ST_CLERK,3300, - ,121,50
130,Mozhe,Atkinson,MATKINSO,650.124.6234,30-Oct,ST_CLERK,2800, - ,121,50
131,James,Marlow,JAMRLOW,650.124.7234,16-Feb,ST_CLERK,2500, - ,121,50
132,TJ,Olson,TJOLSON,650.124.8234,10-Apr,ST_CLERK,2100, - ,121,50
133,Jason,Mallin,JMALLIN,650.127.1934,Jun-04,ST_CLERK,3300, - ,122,50
134,Michael,Rogers,MROGERS,650.127.1834,Aug-06,ST_CLERK,2900, - ,122,50
135,Ki,Gee,KGEE,650.127.1734,12-Dec,ST_CLERK,2400, - ,122,50
136,Hazel,Philtanker,HPHILTAN,650.127.1634,6-Feb,ST_CLERK,2200, - ,122,50
137,Renske,Ladwig,RLADWIG,650.121.1234,14-Jul,ST_CLERK,3600, - ,123,50
138,Stephen,Stiles,SSTILES,650.121.2034,26-Oct,ST_CLERK,3200, - ,123,50
139,John,Seo,JSEO,650.121.2019,12-Feb,ST_CLERK,2700, - ,123,50
140,Joshua,Patel,JPATEL,650.121.1834,6-Apr,ST_CLERK,2500, - ,123,50
141,Joshua,Patel,JPATEL,650.121.1834,6-Apr,ST_CLERK,Twenty five hundread only, - ,123,50